aggregationmethod,date,version,airportname,percentofbaseline,centroid,city,state,iso_3166_2,country,geography
Daily,2020-03-31,1,Boston Logan International,71,POINT (-71.0102909977 42.3636330377),Boston,Massachusetts,US-MA,United States of America (the),"POLYGON ((-71.005089283 42.3472534333, -71.0033082962 42.3561337597, -70.9991025925 42.3567680207, -70.9948968887 42.3537552238, -70.9916353226 42.3535332226, -70.9860777855 42.3575291255, -70.9875583649 42.3622699664, -70.997364521 42.3607478625, -71.0019135475 42.3641091261, -70.9977293015 42.3772195063, -71.0062265396 42.3797239593, -71.011505127 42.3714335211, -71.0169017315 42.3746515458, -71.0213971138 42.3780675443, -71.0222446918 42.3781071719, -71.0242724419 42.3769579596, -71.0261178017 42.3777980755, -71.0270082951 42.3770372163, -71.0289716721 42.3755550994, -71.0292613506 42.3740174653, -71.0290896893 42.3735181224, -71.0284996033 42.3728761043, -71.0269224644 42.3714573002, -71.0263109207 42.3707835552, -71.0259997845 42.3695311629, -71.0255277157 42.3683897204, -71.0246694088 42.3660116485, -71.0245192051 42.3649731955, -71.025570631 42.3588768926, -71.0269761086 42.3575132692, -71.0076642036 42.346809384, -71.005089283 42.3472534333))"
Daily,2020-03-31,1,Calgary International,91,POINT (-114.013122872 51.1184753728),Calgary,Alberta,CA-AB,Canada,"POLYGON ((-113.981866837 51.1392131914, -113.981823921 51.1403440857, -114.022593498 51.1396978638, -114.034609795 51.1412864766, -114.034953117 51.1409095225, -114.035768509 51.1374898705, -114.035167694 51.1365474021, -114.036283493 51.1361165531, -114.036626816 51.1350932704, -114.036798477 51.1334775148, -114.038922787 51.1308113944, -114.041347504 51.1287780375, -114.04239893 51.1276064601, -114.042677879 51.1263405844, -114.04304266 51.1246033156, -114.038965702 51.1204820911, -114.035382271 51.1164951972, -114.035747051 51.1159833413, -114.029717445 51.1101908927, -114.036819935 51.1062839477, -114.036755562 51.0958413531, -114.03031826 51.0958683047, -114.02801156 51.0952180914, -114.025908709 51.0935301892, -114.023172855 51.092694638, -114.015083313 51.0926339925, -114.011285305 51.0926744228, -114.001328945 51.0926474693, -114.001393318 51.0991428154, -113.999955654 51.1015682293, -113.994419575 51.1083048225, -113.992810249 51.1082913503, -113.992810249 51.1045728712, -113.987832069 51.1045728712, -113.987810612 51.1081566281, -113.986566067 51.1092478673, -113.986544609 51.1241454199, -113.987488747 51.1246302505, -113.987494111 51.1265661552, -113.986635804 51.1271014607, -113.986608982 51.1393410915, -113.981866837 51.1392131914))"
Daily,2020-03-31,1,Charlotte Douglas International,81,POINT (-80.9478114283 35.2136892261),Charlotte,North Carolina,US-NC,United States of America (the),"POLYGON ((-80.9332966805 35.2337368341, -80.9415578842 35.2348585377, -80.9533381462 35.2322645744, -80.9544271231 35.2322601927, -80.9558755159 35.2320498677, -80.9573614597 35.2320498677, -80.9583055973 35.232023577, -80.9596681595 35.2318088696, -80.9606873989 35.2313750713, -80.9613150358 35.2308667794, -80.9624147415 35.2295609805, -80.9629458189 35.2291184063, -80.9636485577 35.2288993093, -80.965526104 35.2288817815, -80.9662020206 35.2290745869, -80.9673392773 35.2294119954, -80.9686160088 35.2293375027, -80.9700322151 35.2284961692, -80.9702467918 35.225621547, -80.9700536728 35.2237810342, -80.9683585167 35.2175054483, -80.9676718712 35.2078632395, -80.9679508209 35.2040586349, -80.9679937363 35.1993771486, -80.9667491913 35.1942920825, -80.9648823738 35.1931347472, -80.9641313553 35.1922053599, -80.9641098976 35.1911532105, -80.9574043751 35.1904430019, -80.9556233883 35.1938712352, -80.9542930126 35.1949408846, -80.9521365166 35.1956948912, -80.9455704689 35.1968171207, -80.9395837784 35.1977464552, -80.9361720085 35.1970450716, -80.932803154 35.1967645165, -80.9307003021 35.1981146792, -80.9284257889 35.2011305459, -80.926451683 35.2037956372, -80.9246706963 35.2050755513, -80.9224176407 35.2057943983, -80.9235334396 35.2085820619, -80.9242200851 35.2110715925, -80.9238660336 35.2131841272, -80.9234046936 35.2157261086, -80.9241020679 35.2193461034, -80.9249281883 35.220327769, -80.9284821153 35.2236539497, -80.9289166331 35.2244405561, -80.9304213524 35.2269361734, -80.9319126606 35.2284874052, -80.9341228008 35.229723111, -80.9332966805 35.2337368341))"
Daily,2020-03-31,1,Chicago OHare International,77,POINT (-87.910595204 41.9804600429),Chicago,Illinois,US-IL,United States of America (the),"POLYGON ((-87.9397845268 41.9608463705, -87.935321331 41.9600485672, -87.9347634315 41.9589316258, -87.9341840744 41.956905125, -87.9326820374 41.9559157862, -87.9275751114 41.9551338786, -87.9203867912 41.955070049, -87.9183912277 41.9545753673, -87.9080057144 41.9515912382, -87.9015040398 41.9507773605, -87.897233963 41.9509688621, -87.8950238228 41.9526923502, -87.8898310661 41.9574636159, -87.8886508942 41.9579742319, -87.8871917725 41.9580859286, -87.8841876984 41.9572880907, -87.8792953491 41.9613090918, -87.8766775131 41.9643725414, -87.8759050369 41.9681378297, -87.8785228729 41.9772310404, -87.8786087036 41.9814102912, -87.8783082962 41.9870885284, -87.8796386719 41.9899912518, -87.8827285767 41.9918412701, -87.8841018677 41.9936274437, -87.884144783 41.9951584098, -87.884016037 41.9984115904, -87.8930711746 42.0001019029, -87.8939723969 42.0013775807, -87.8938436508 42.0052044606, -87.8969335556 42.0066713703, -87.9031991959 42.0084571277, -87.9056882858 42.0091267737, -87.910194397 42.009094886, -87.9357290268 42.0083933515, -87.9405784607 42.0085527918, -87.9397845268 41.9608463705))"
Daily,2020-03-31,1,Dallas/Fort Worth International,68,POINT (-97.0394983969 32.8940590356),Grapevine,Texas,US-TX,United States of America (the),"POLYGON ((-97.0429444313 32.9265900261, -97.0492315292 32.9262478188, -97.0573425293 32.9238343191, -97.0585012436 32.9222492983, -97.0609903336 32.9193313451, -97.0637798309 32.9181785469, -97.0679855347 32.9181785469, -97.0684146881 32.9064335597, -97.0653676987 32.9034430227, -97.0654964447 32.8972454438, -97.0603895187 32.8919483321, -97.0604324341 32.8782536505, -97.0571279526 32.8703602281, -97.0531368256 32.8651336028, -97.0493602753 32.8621777197, -97.028503418 32.8617811913, -97.0253276825 32.8622498156, -97.0178604126 32.8683777513, -97.0121526718 32.8702520941, -97.0120668411 32.898470581, -97.0151996613 32.898470581, -97.022023201 32.8985786806, -97.0214867592 32.9204661161, -97.0244693756 32.9230418123, -97.0265936852 32.9245727849, -97.0300269127 32.9256534556, -97.0341038704 32.9260857201, -97.0368933678 32.9265720152, -97.0429444313 32.9265900261))"
Daily,2020-03-31,1,Daniel K. Inouye International,92,POINT (-157.918285205 21.3259652489),Urban Honolulu,Hawaii,US-HI,United States of America (the),"POLYGON ((-157.926621437 21.3389395548, -157.927393913 21.3349621629, -157.927640676 21.3346423679, -157.928853035 21.3340927186, -157.929121256 21.3335730483, -157.9291749 21.3325137147, -157.9297328 21.332463746, -157.930333614 21.3326736146, -157.930580378 21.3321339518, -157.930548191 21.3293256741, -157.930569649 21.3225795917, -157.922651768 21.3107457147, -157.90299654 21.3247583604, -157.901751995 21.3319540637, -157.914583683 21.3337929091, -157.91488409 21.3343525531, -157.914283276 21.336810964, -157.914862633 21.3370308199, -157.91544199 21.3338728583, -157.918553352 21.3344924637, -157.918252945 21.3373905833, -157.918252945 21.3376903855, -157.926621437 21.3389395548))"
Daily,2020-03-31,1,Denver International,59,POINT (-104.700315559 39.8643468206),Denver,Colorado,US-CO,United States of America (the),"POLYGON ((-104.661254883 39.8242265705, -104.661340714 39.9048641265, -104.709320068 39.9056542216, -104.732751846 39.8957773778, -104.733610153 39.8713425363, -104.754638672 39.8715401575, -104.747772217 39.8592865639, -104.745883942 39.8541473089, -104.746484756 39.8311477239, -104.694128036 39.829763549, -104.693956375 39.8242265705, -104.661254883 39.8242265705))"
Daily,2020-03-31,1,Detroit Metropolitan Wayne County,52,POINT (-83.353731472 42.2129725989),Romulus,Michigan,US-MI,United States of America (the),"POLYGON ((-83.3714675903 42.228390246, -83.388504982 42.2059512762, -83.3884620667 42.2018503764, -83.3880329132 42.1985122381, -83.3832263947 42.1944744447, -83.3773469925 42.1952693063, -83.368678093 42.1935523928, -83.3560180664 42.1914856756, -83.3514261246 42.1918990245, -83.3458042145 42.1940611128, -83.3406972885 42.19552366, -83.3263635635 42.1957462185, -83.328166008 42.2392572484, -83.3311700821 42.2391937041, -83.3403539658 42.2370967069, -83.3636569977 42.2313454932, -83.3655881882 42.2304239794, -83.3680772781 42.228771576, -83.3696651459 42.2282631354, -83.3714675903 42.228390246))"
Daily,2020-03-31,1,Edmonton International,58,POINT (-113.576260685 53.308783098),Leduc County,Alberta,CA-AB,Canada,"POLYGON ((-113.568120003 53.3110445426, -113.571274281 53.3110573629, -113.573355675 53.3111855659, -113.576016426 53.3118137553, -113.579256535 53.313082926, -113.582003117 53.3106214696, -113.581767082 53.3099035181, -113.584663868 53.3095317171, -113.584170341 53.3058904597, -113.568205833 53.3062110053, -113.568120003 53.3110445426))"
Daily,2020-03-31,1,Halifax International,49,POINT (-63.5116720135 44.8830168354),Halifax,Nova Scotia,CA-NS,Canada,"POLYGON ((-63.526661396 44.8984438169, -63.5262107849 44.8968630227, -63.5261034966 44.8957534008, -63.5263395309 44.8936557009, -63.5188508034 44.8888671863, -63.5200738907 44.8877574101, -63.5199666023 44.8872709261, -63.5191512108 44.8867388295, -63.5228204727 44.8831508499, -63.5230350494 44.8816304521, -63.5244941711 44.8808094206, -63.5259962082 44.8793649848, -63.5259532928 44.8789696592, -63.5262537003 44.87884802, -63.5261249542 44.8783158456, -63.5289144516 44.8771906605, -63.5317897797 44.8757157224, -63.5328412056 44.8742711587, -63.5347723961 44.8713819226, -63.5374546051 44.8687358634, -63.5335063934 44.86344338, -63.5317468643 44.8638388123, -63.5298156738 44.863473798, -63.5272407532 44.8632304538, -63.5254812241 44.8640213185, -63.5160827637 44.8735412601, -63.5135507584 44.8749098124, -63.5131645203 44.875791751, -63.5126495361 44.8762783321, -63.5119199753 44.8764303878, -63.5100746155 44.8763695656, -63.5077142715 44.8770386067, -63.5019636154 44.8772210712, -63.4944105148 44.8777076401, -63.4909772873 44.8784374859, -63.4876298904 44.8813567762, -63.4857416153 44.8821473919, -63.4880375862 44.8873773448, -63.4896039963 44.8897337089, -63.489689827 44.8909498591, -63.4900546074 44.8912538926, -63.4906983376 44.8916339322, -63.4921574593 44.8923484, -63.4938311577 44.8930476577, -63.495054245 44.8937773088, -63.4956979752 44.8951453797, -63.4968996048 44.8965590188, -63.5160398483 44.8969694237, -63.5230135918 44.89824622, -63.5255670547 44.8984894161, -63.526661396 44.8984438169))"
Daily,2020-03-31,1,Hamilton International,88,POINT (-79.9266930702 43.1720360845),Hamilton,Ontario,CA-ON,Canada,"POLYGON ((-79.9327468872 43.1551600162, -79.930075407 43.1572262381, -79.9287450314 43.1583062808, -79.9281549454 43.1593628258, -79.9145078659 43.1562009625, -79.9099159241 43.1645591963, -79.9088859558 43.1664685949, -79.9078559875 43.1696612264, -79.9032211304 43.1795510647, -79.9378967285 43.1878122333, -79.9412441254 43.1803960083, -79.9492263794 43.1775794843, -79.9465870857 43.1707253998, -79.9451708794 43.1710227391, -79.9484109879 43.163933151, -79.9284553528 43.1594802186, -79.9289703369 43.1584471545, -79.9295818806 43.1579149631, -79.9322104454 43.1560444303, -79.9336481094 43.1556061382, -79.9350428581 43.1556922315, -79.9327468872 43.1551600162))"
Daily,2020-03-31,1,Hartsfield-Jackson Atlanta International,66,POINT (-84.4279188823 33.6410758199),College Park,Georgia,US-GA,United States of America (the),"POLYGON ((-84.429974556 33.657852681, -84.431540966 33.6580134258, -84.4327533245 33.6577008662, -84.4349956512 33.6558254845, -84.438085556 33.6526640343, -84.439920187 33.6513690564, -84.4419693947 33.6503509223, -84.445091486 33.6488415608, -84.447183609 33.6474393493, -84.4487071037 33.6459477998, -84.4530951977 33.6414819284, -84.4557237625 33.6382931544, -84.4565606117 33.6362744297, -84.4565284252 33.6345415044, -84.4561100006 33.6327281484, -84.4554448128 33.6313971386, -84.4546186924 33.6309951517, -84.4520223141 33.6308209568, -84.4516628981 33.6305306312, -84.4516682625 33.6297891799, -84.4504880905 33.6297891799, -84.4463038445 33.6290209223, -84.4413256645 33.6286993241, -84.4402313232 33.6274307861, -84.4353175163 33.6249293889, -84.4311547279 33.6244827032, -84.4308114052 33.624982991, -84.4233226776 33.6250544605, -84.418258667 33.6279310569, -84.4147396088 33.6307539587, -84.4112849236 33.6330050673, -84.4100189209 33.6335410369, -84.4053196907 33.6338268859, -84.4034957886 33.6349345421, -84.4027018547 33.6362208346, -84.402551651 33.637650026, -84.4031095505 33.6402046465, -84.4029808044 33.6409013481, -84.4007062912 33.6406512507, -84.4005131721 33.6410263965, -84.4028949738 33.6412764927, -84.4006204605 33.6462961281, -84.4008564949 33.6472428592, -84.4021010399 33.647975229, -84.403924942 33.6481002671, -84.4046115875 33.6487790423, -84.4060063362 33.6509760938, -84.4142889977 33.6560487464, -84.4184947014 33.6579955653, -84.4230437279 33.6581384494, -84.426176548 33.6577990993, -84.429974556 33.657852681))"
Daily,2020-03-31,1,John F. Kennedy International,47,POINT (-73.7784465296 40.646026594),New York,New York,US-NY,United States of America (the),"POLYGON ((-73.7883961201 40.6226989509, -73.7849414349 40.6211109825, -73.7792873383 40.6281710449, -73.777667284 40.6283583259, -73.7764441967 40.6286270325, -73.7742877007 40.6278860511, -73.7733328342 40.6252477647, -73.770339489 40.6237982915, -73.7688374519 40.624783611, -73.7665522099 40.6284316096, -73.7653720379 40.6294575733, -73.7487316132 40.6358409934, -73.7480449677 40.6408561096, -73.7500888109 40.6419347988, -73.7500083447 40.6422848603, -73.7500941753 40.643017541, -73.750576973 40.6436810173, -73.7500941753 40.6441653914, -73.7533020973 40.645870849, -73.7534308434 40.6464081202, -73.7552118301 40.6474989302, -73.7553834915 40.6492246528, -73.7567567825 40.6499898174, -73.774394989 40.6596431621, -73.7791371346 40.6614987883, -73.7836003304 40.6628823357, -73.7856817245 40.6634357466, -73.7902522087 40.6641356421, -73.7962174416 40.6649331885, -73.8020968437 40.6651936097, -73.8024616241 40.6635659603, -73.8027620316 40.6627358438, -73.8038563728 40.6620033795, -73.8046073914 40.6617103916, -73.8057661057 40.6611569663, -73.8064742088 40.6600501021, -73.8074612617 40.6581293235, -73.8076543808 40.6572014699, -73.8077831268 40.6558015261, -73.8076972961 40.6547108519, -73.8066673279 40.6522852587, -73.8029766083 40.6473686851, -73.800444603 40.6454801036, -73.7970972061 40.6443729793, -73.7943613529 40.6444788082, -73.7946295738 40.6409863673, -73.7801885605 40.6345057366, -73.7792658806 40.634066073, -73.7883961201 40.6226989509))"
Daily,2020-03-31,1,LaGuardia,62,POINT (-73.8732455279 40.7738834967),New York,New York,US-NY,United States of America (the),"POLYGON ((-73.8876271248 40.767277586, -73.8868251443 40.7674949476, -73.8850897551 40.7678382555, -73.8827562332 40.7687605058, -73.8786309958 40.7710620129, -73.8773837686 40.7717607778, -73.8769572973 40.7719090613, -73.8758790493 40.7721650018, -73.8742563128 40.7722543776, -73.8717135787 40.7720187502, -73.8698145747 40.7715596805, -73.8675615191 40.7703733974, -73.8654774427 40.7689880193, -73.8634979725 40.7670541295, -73.859539032 40.7670866323, -73.8550651073 40.7721243764, -73.8725745678 40.7806064243, -73.884601593 40.7799483731, -73.8849878311 40.7792171975, -73.8842904568 40.7754718273, -73.8847517967 40.7752605854, -73.8842904568 40.774119055, -73.8893169165 40.7735340638, -73.8885551691 40.7690367721, -73.8881796598 40.7688620744, -73.8880723715 40.7685492425, -73.8876271248 40.767277586))"
Daily,2020-03-31,1,Los Angeles International,70,POINT (-118.404993181 33.9413693793),Los Angeles,California,US-CA,United States of America (the),"POLYGON ((-118.439612389 33.9517616367, -118.43665123 33.9472048907, -118.436479568 33.9440007827, -118.435664177 33.9420426573, -118.43609333 33.9408677604, -118.435621262 33.940333711, -118.434548378 33.940333711, -118.429269791 33.9306134268, -118.425278664 33.9312543588, -118.394937515 33.9308982861, -118.380346298 33.9307202491, -118.378157616 33.9301505284, -118.374284506 33.9296698236, -118.369842768 33.9296431177, -118.369896412 33.9456028518, -118.379895687 33.9457096553, -118.395924568 33.9457808576, -118.395967484 33.9546806738, -118.400816917 33.9552502303, -118.406481743 33.9547518686, -118.421373367 33.9531499717, -118.428218365 33.952704995, -118.432638645 33.9522066183, -118.43637228 33.9523134135, -118.437917233 33.9523490119, -118.439612389 33.9517616367))"
Daily,2020-03-31,1,McCarran International,45,POINT (-115.148880813 36.0828539763),Paradise,Nevada,US-NV,United States of America (the),"POLYGON ((-115.158487558 36.1007120736, -115.163519382 36.100608049, -115.163766146 36.0973745484, -115.16372323 36.0946697487, -115.16566515 36.0947564424, -115.166373253 36.0953459573, -115.168390274 36.0953112801, -115.168358088 36.0872570801, -115.172606707 36.0787945126, -115.172241926 36.0724730048, -115.169731379 36.0714583945, -115.155955553 36.0717705837, -115.154807568 36.0714844103, -115.148541927 36.0716318331, -115.147994757 36.0721261309, -115.146535635 36.072056756, -115.146353245 36.0716838646, -115.145698786 36.0717098803, -115.145097971 36.0721694903, -115.141385794 36.0721434747, -115.139776468 36.0718399589, -115.132180452 36.0719266778, -115.124069452 36.0717879275, -115.118865967 36.0717879275, -115.118898153 36.0788031838, -115.123382807 36.0789072372, -115.123425722 36.0830605928, -115.124176741 36.0843091579, -115.124337673 36.084820717, -115.124359131 36.0861993089, -115.126032829 36.0863206932, -115.127148628 36.0867715475, -115.129702091 36.0885575988, -115.130839348 36.0887656798, -115.145773888 36.08882637, -115.149507523 36.1007987607, -115.158487558 36.1007120736))"
Daily,2020-03-31,1,Miami International,68,POINT (-80.288714746 25.7957243108),Miami Springs,Florida,US-FL,United States of America (the),"POLYGON ((-80.3053593636 25.8070775439, -80.3053164482 25.8030400986, -80.305724144 25.8019969085, -80.3067111969 25.8008957535, -80.3068399429 25.7971865244, -80.3081274033 25.797244482, -80.3080844879 25.7893233478, -80.3132343292 25.7892267454, -80.3143501282 25.7901927665, -80.3177189827 25.788956258, -80.3191566467 25.787912944, -80.3197360039 25.7863093139, -80.3195858002 25.7849568378, -80.3181910515 25.7825030205, -80.3118181229 25.7825223421, -80.3069257736 25.7842419514, -80.3026556969 25.7847443045, -80.2905106544 25.785188692, -80.2812409401 25.7857683253, -80.2794384956 25.7857876464, -80.2743530273 25.784879553, -80.2730870247 25.7853432611, -80.2703404427 25.7885408656, -80.2646970749 25.7937573162, -80.2647185326 25.8026923696, -80.2646970749 25.8080047847, -80.2895879745 25.8073673074, -80.2983427048 25.8073286724, -80.3006601334 25.8070775439, -80.3053593636 25.8070775439))"
Daily,2020-03-31,1,Montreal Mirabel,55,POINT (-74.0483797793 45.6815027038),Mirabel,Quebec,CA-QC,Canada,"POLYGON ((-74.0895652771 45.685631473, -74.0925693512 45.6754222038, -74.0891361237 45.6729333184, -74.079887867 45.6751823161, -74.0439033508 45.6727234073, -74.0360498428 45.6733681316, -74.0291619301 45.6754521897, -74.004034996 45.6915822726, -74.0086698532 45.6961536155, -74.0120172501 45.6984916006, -74.0311360359 45.6855565219, -74.0350842476 45.6839375528, -74.0368008614 45.684582148, -74.0379166603 45.6837426738, -74.0377020836 45.6830530963, -74.0409421921 45.6822285903, -74.0486454964 45.6822885548, -74.0895652771 45.685631473))"
Daily,2020-03-31,1,Montreal Trudeau,68,POINT (-73.7424121585 45.467843694),Dorval,Quebec,CA-QC,Canada,"POLYGON ((-73.7517571449 45.4495491245, -73.7463283539 45.4501512553, -73.7434744835 45.4499706167, -73.7427663803 45.4494738577, -73.7421011925 45.4492631101, -73.7410497665 45.4493534305, -73.7377023697 45.4516866599, -73.7289047241 45.4579332181, -73.7211799622 45.4632309613, -73.7069320679 45.4736744854, -73.7077045441 45.4740356102, -73.7098073959 45.4755854108, -73.7096571922 45.4757358746, -73.7091422081 45.4763076334, -73.710258007 45.4771803068, -73.7118244171 45.4771351688, -73.7125968933 45.4774661796, -73.7104511261 45.4790760678, -73.719162941 45.4850337587, -73.7196564674 45.485289504, -73.7233901024 45.4823709292, -73.7300419807 45.4863726479, -73.7307929993 45.4876964622, -73.7327885628 45.4876362895, -73.7356209755 45.4885539162, -73.7366294861 45.4884335726, -73.7385392189 45.4870947323, -73.7411355972 45.4857859476, -73.7484312057 45.4800540148, -73.7638807297 45.4678359813, -73.7743520737 45.4661505275, -73.774394989 45.4675350111, -73.7752532959 45.4695514809, -73.7758111954 45.4695815769, -73.7805318832 45.4672189907, -73.7853384018 45.4649014532, -73.7822699547 45.4616356706, -73.7820124626 45.4603940215, -73.7806069851 45.4567215904, -73.7735795975 45.4599801324, -73.7729036808 45.4584750556, -73.7713479996 45.4574440548, -73.7700283527 45.4572559139, -73.7662518024 45.4579106414, -73.7645459175 45.4587083451, -73.7636554241 45.4558711778, -73.7600827217 45.4562098392, -73.7593102455 45.453613383, -73.7605333328 45.4524693991, -73.7597608566 45.4496695511, -73.7517571449 45.4495491245))"
Daily,2020-03-31,1,Newark Liberty International,63,POINT (-74.175124669 40.6915033838),Newark,New Jersey,US-NJ,United States of America (the),"POLYGON ((-74.1924333572 40.6810611095, -74.1918754578 40.6787666585, -74.1912746429 40.677350894, -74.1890215874 40.6748773023, -74.1871547699 40.6739008592, -74.1856098175 40.6729569507, -74.1784858704 40.6701902452, -74.171833992 40.677399714, -74.1650748253 40.6872443432, -74.1618776321 40.691800043, -74.1584658623 40.6967133416, -74.1531229019 40.7054652738, -74.1577577591 40.7078401351, -74.1699028015 40.7081491861, -74.1755032539 40.7080841229, -74.1779065132 40.7076286782, -74.1830992699 40.7043428784, -74.1838717461 40.7030740608, -74.1845798492 40.7003411407, -74.1855669022 40.6954769165, -74.1874337196 40.6928575717, -74.190223217 40.6914746462, -74.1912102699 40.6903357449, -74.1923475266 40.685666046, -74.1924333572 40.6810611095))"
Daily,2020-03-31,1,San Francisco International,46,POINT (-122.383935076 37.6211875472),South San Francisco,California,US-CA,United States of America (the),"POLYGON ((-122.387909889 37.639570278, -122.390913963 37.6389925598, -122.39389658 37.6389585762, -122.395312786 37.6389925598, -122.396364212 37.6388736172, -122.401320934 37.6387206908, -122.403595448 37.6366816421, -122.404410839 37.6360359316, -122.40209341 37.6247011006, -122.397930622 37.6136535003, -122.39546299 37.6115117755, -122.380871773 37.6024512573, -122.37739563 37.6047462397, -122.37831831 37.6057662091, -122.371838093 37.6147583342, -122.35840559 37.6090640145, -122.354671955 37.6149962962, -122.368619442 37.6208431252, -122.364649773 37.6271143579, -122.365143299 37.6282189918, -122.367331982 37.6291196811, -122.368533611 37.6273692749, -122.371923923 37.6286608408, -122.372610569 37.6278111289, -122.379541397 37.6305301727, -122.385678291 37.6287628056, -122.389411926 37.6303602354, -122.390828133 37.632977227, -122.385485172 37.6353222452, -122.385249138 37.6359679618, -122.387909889 37.639570278))"
Daily,2020-03-31,1,Seattle-Tacoma International,64,POINT (-122.308661576 47.4505828917),SeaTac,Washington,US-WA,United States of America (the),"POLYGON ((-122.297594547 47.4344741069, -122.297594547 47.4366512633, -122.296671867 47.4378559178, -122.296435833 47.4399893948, -122.296199799 47.4411359216, -122.296586037 47.4477388489, -122.296564579 47.4493495471, -122.298774719 47.4508005844, -122.300019264 47.4525417763, -122.299933434 47.4565462988, -122.299461365 47.457823039, -122.297401428 47.4596365371, -122.292723656 47.46269758, -122.300298214 47.4652942491, -122.304246426 47.4652507306, -122.306478024 47.4666868233, -122.307829857 47.4669044097, -122.318708897 47.4670929838, -122.319352627 47.466469236, -122.320532799 47.4621608223, -122.320876122 47.4575038568, -122.31978178 47.4561690742, -122.32006073 47.4538621417, -122.319760323 47.4525562859, -122.31978178 47.4474631388, -122.320039272 47.4374205037, -122.314524651 47.4345611949, -122.297594547 47.4344741069))"
Daily,2020-03-31,1,Toronto Pearson,57,POINT (-79.6313443995 43.679352363),Mississauga,Ontario,CA-ON,Canada,"POLYGON ((-79.6076846123 43.6972621366, -79.60927248 43.6967036336, -79.6113967896 43.6950591223, -79.6120834351 43.6941437616, -79.6125769615 43.6914286264, -79.6129417419 43.6896908753, -79.6155810356 43.6876427469, -79.6210098267 43.6892564297, -79.6238851547 43.6903425378, -79.6425962448 43.7039017183, -79.6745681763 43.6752205916, -79.6580886841 43.6630597515, -79.6485614777 43.6717518603, -79.6434545517 43.6747317221, -79.6299362183 43.6645809614, -79.628777504 43.6643326032, -79.6284341812 43.6632770696, -79.6268892288 43.6621904714, -79.6265459061 43.6605139671, -79.6240997314 43.6588063683, -79.6241426468 43.6570676723, -79.6231555939 43.6563225015, -79.6209669113 43.656819283, -79.6142292023 43.6608244344, -79.6034574509 43.6655743838, -79.6024274826 43.6671265734, -79.6005392075 43.6681199536, -79.5983505249 43.6681820394, -79.5968914032 43.668802893, -79.5954751968 43.6697962456, -79.594874382 43.6714104083, -79.5936727524 43.6720312286, -79.5918273926 43.6727141235, -79.5937585831 43.6801013079, -79.5949816704 43.6816841577, -79.5977711678 43.6830962727, -79.6015691757 43.6865721065, -79.6076846123 43.6972621366))"
Daily,2020-03-31,1,Vancouver International,84,POINT (-123.177541243 49.1935788601),Richmond,British Columbia,CA-BC,Canada,"POLYGON ((-123.136525154 49.1980971491, -123.137362003 49.1965267246, -123.138606548 49.1956854053, -123.148090839 49.1937923844, -123.150064945 49.1934698625, -123.150622845 49.1937362938, -123.150687218 49.1956854053, -123.149292469 49.1978587843, -123.148798943 49.2003124845, -123.149077892 49.2012658895, -123.150343895 49.2023174178, -123.155193329 49.2048269749, -123.160750866 49.2055559844, -123.169784546 49.2065653644, -123.172895908 49.2069158388, -123.192100525 49.2068036873, -123.201541901 49.2076518268, -123.203065395 49.2067476114, -123.204503059 49.2049601602, -123.208708763 49.2000180469, -123.209652901 49.1875098406, -123.208665848 49.1871452042, -123.200683594 49.1865000717, -123.19029808 49.1841999654, -123.187567592 49.1833864877, -123.186172843 49.1824362445, -123.181554079 49.1811739007, -123.181393147 49.1806654475, -123.1818223 49.1795292989, -123.179311752 49.1790804428, -123.178474903 49.1788139326, -123.175191879 49.178982255, -123.17407608 49.1788279595, -123.173518181 49.1780143934, -123.16817522 49.177425251, -123.156116009 49.1780705019, -123.152489662 49.1810020792, -123.150043488 49.1828254607, -123.150424361 49.1860793285, -123.150445819 49.1879165473, -123.150553107 49.1929965929, -123.142168522 49.1945706351, -123.139164448 49.1951735957, -123.137769699 49.1957064384, -123.136825562 49.196582812, -123.136181831 49.197998999, -123.136525154 49.1980971491))"
Daily,2020-03-31,1,Washington Dulles International,57,POINT (-77.4427728839 38.9475939204),Floris,Virginia,US-VA,United States of America (the),"POLYGON ((-77.4458885193 38.9760921336, -77.4551153183 38.9764257604, -77.4563169479 38.9314387021, -77.4571323395 38.9291351838, -77.4541282654 38.9282337868, -77.4468326569 38.9260637098, -77.4463176727 38.9228919394, -77.4441289902 38.9223911206, -77.4428415298 38.9236264673, -77.438120842 38.9165646687, -77.4331641197 38.9162808465, -77.4312973022 38.917149005, -77.4305033684 38.9179503726, -77.430524826 38.9285008686, -77.4319624901 38.9295691857, -77.431833744 38.9302702601, -77.431447506 38.9305707185, -77.4302458763 38.9307209472, -77.4300527573 38.9478783082, -77.4315547943 38.9484456986, -77.431511879 38.9496639039, -77.4300312996 38.9511991465, -77.430138588 38.9565054898, -77.4285507202 38.9600094609, -77.4282073975 38.9640805241, -77.4353313446 38.9690856089, -77.439365387 38.973356335, -77.4458885193 38.9760921336))"
Daily,2020-03-31,1,Winnipeg International,98,POINT (-97.2190621862 49.9024712566),Winnipeg,Manitoba,CA-MB,Canada,"POLYGON ((-97.2094345093 49.8979517851, -97.2086191177 49.9057329325, -97.212395668 49.905511816, -97.2197556496 49.9067694027, -97.2222018242 49.9073083584, -97.2261500359 49.907335997, -97.2288966179 49.9064930129, -97.2283601761 49.9051386796, -97.2299051285 49.9020843802, -97.2275876999 49.9015177242, -97.2278022766 49.8985323047, -97.2094345093 49.8979517851))"
Daily,2020-03-30,1,Boston Logan International,63,POINT (-71.0102909977 42.3636330377),Boston,Massachusetts,US-MA,United States of America (the),"POLYGON ((-71.005089283 42.3472534333, -71.0033082962 42.3561337597, -70.9991025925 42.3567680207, -70.9948968887 42.3537552238, -70.9916353226 42.3535332226, -70.9860777855 42.3575291255, -70.9875583649 42.3622699664, -70.997364521 42.3607478625, -71.0019135475 42.3641091261, -70.9977293015 42.3772195063, -71.0062265396 42.3797239593, -71.011505127 42.3714335211, -71.0169017315 42.3746515458, -71.0213971138 42.3780675443, -71.0222446918 42.3781071719, -71.0242724419 42.3769579596, -71.0261178017 42.3777980755, -71.0270082951 42.3770372163, -71.0289716721 42.3755550994, -71.0292613506 42.3740174653, -71.0290896893 42.3735181224, -71.0284996033 42.3728761043, -71.0269224644 42.3714573002, -71.0263109207 42.3707835552, -71.0259997845 42.3695311629, -71.0255277157 42.3683897204, -71.0246694088 42.3660116485, -71.0245192051 42.3649731955, -71.025570631 42.3588768926, -71.0269761086 42.3575132692, -71.0076642036 42.346809384, -71.005089283 42.3472534333))"
Daily,2020-03-30,1,Calgary International,100,POINT (-114.013122872 51.1184753728),Calgary,Alberta,CA-AB,Canada,"POLYGON ((-113.981866837 51.1392131914, -113.981823921 51.1403440857, -114.022593498 51.1396978638, -114.034609795 51.1412864766, -114.034953117 51.1409095225, -114.035768509 51.1374898705, -114.035167694 51.1365474021, -114.036283493 51.1361165531, -114.036626816 51.1350932704, -114.036798477 51.1334775148, -114.038922787 51.1308113944, -114.041347504 51.1287780375, -114.04239893 51.1276064601, -114.042677879 51.1263405844, -114.04304266 51.1246033156, -114.038965702 51.1204820911, -114.035382271 51.1164951972, -114.035747051 51.1159833413, -114.029717445 51.1101908927, -114.036819935 51.1062839477, -114.036755562 51.0958413531, -114.03031826 51.0958683047, -114.02801156 51.0952180914, -114.025908709 51.0935301892, -114.023172855 51.092694638, -114.015083313 51.0926339925, -114.011285305 51.0926744228, -114.001328945 51.0926474693, -114.001393318 51.0991428154, -113.999955654 51.1015682293, -113.994419575 51.1083048225, -113.992810249 51.1082913503, -113.992810249 51.1045728712, -113.987832069 51.1045728712, -113.987810612 51.1081566281, -113.986566067 51.1092478673, -113.986544609 51.1241454199, -113.987488747 51.1246302505, -113.987494111 51.1265661552, -113.986635804 51.1271014607, -113.986608982 51.1393410915, -113.981866837 51.1392131914))"
Daily,2020-03-30,1,Charlotte Douglas International,77,POINT (-80.9478114283 35.2136892261),Charlotte,North Carolina,US-NC,United States of America (the),"POLYGON ((-80.9332966805 35.2337368341, -80.9415578842 35.2348585377, -80.9533381462 35.2322645744, -80.9544271231 35.2322601927, -80.9558755159 35.2320498677, -80.9573614597 35.2320498677, -80.9583055973 35.232023577, -80.9596681595 35.2318088696, -80.9606873989 35.2313750713, -80.9613150358 35.2308667794, -80.9624147415 35.2295609805, -80.9629458189 35.2291184063, -80.9636485577 35.2288993093, -80.965526104 35.2288817815, -80.9662020206 35.2290745869, -80.9673392773 35.2294119954, -80.9686160088 35.2293375027, -80.9700322151 35.2284961692, -80.9702467918 35.225621547, -80.9700536728 35.2237810342, -80.9683585167 35.2175054483, -80.9676718712 35.2078632395, -80.9679508209 35.2040586349, -80.9679937363 35.1993771486, -80.9667491913 35.1942920825, -80.9648823738 35.1931347472, -80.9641313553 35.1922053599, -80.9641098976 35.1911532105, -80.9574043751 35.1904430019, -80.9556233883 35.1938712352, -80.9542930126 35.1949408846, -80.9521365166 35.1956948912, -80.9455704689 35.1968171207, -80.9395837784 35.1977464552, -80.9361720085 35.1970450716, -80.932803154 35.1967645165, -80.9307003021 35.1981146792, -80.9284257889 35.2011305459, -80.926451683 35.2037956372, -80.9246706963 35.2050755513, -80.9224176407 35.2057943983, -80.9235334396 35.2085820619, -80.9242200851 35.2110715925, -80.9238660336 35.2131841272, -80.9234046936 35.2157261086, -80.9241020679 35.2193461034, -80.9249281883 35.220327769, -80.9284821153 35.2236539497, -80.9289166331 35.2244405561, -80.9304213524 35.2269361734, -80.9319126606 35.2284874052, -80.9341228008 35.229723111, -80.9332966805 35.2337368341))"
Daily,2020-03-30,1,Chicago OHare International,71,POINT (-87.910595204 41.9804600429),Chicago,Illinois,US-IL,United States of America (the),"POLYGON ((-87.9397845268 41.9608463705, -87.935321331 41.9600485672, -87.9347634315 41.9589316258, -87.9341840744 41.956905125, -87.9326820374 41.9559157862, -87.9275751114 41.9551338786, -87.9203867912 41.955070049, -87.9183912277 41.9545753673, -87.9080057144 41.9515912382, -87.9015040398 41.9507773605, -87.897233963 41.9509688621, -87.8950238228 41.9526923502, -87.8898310661 41.9574636159, -87.8886508942 41.9579742319, -87.8871917725 41.9580859286, -87.8841876984 41.9572880907, -87.8792953491 41.9613090918, -87.8766775131 41.9643725414, -87.8759050369 41.9681378297, -87.8785228729 41.9772310404, -87.8786087036 41.9814102912, -87.8783082962 41.9870885284, -87.8796386719 41.9899912518, -87.8827285767 41.9918412701, -87.8841018677 41.9936274437, -87.884144783 41.9951584098, -87.884016037 41.9984115904, -87.8930711746 42.0001019029, -87.8939723969 42.0013775807, -87.8938436508 42.0052044606, -87.8969335556 42.0066713703, -87.9031991959 42.0084571277, -87.9056882858 42.0091267737, -87.910194397 42.009094886, -87.9357290268 42.0083933515, -87.9405784607 42.0085527918, -87.9397845268 41.9608463705))"
Daily,2020-03-30,1,Dallas/Fort Worth International,57,POINT (-97.0394983969 32.8940590356),Grapevine,Texas,US-TX,United States of America (the),"POLYGON ((-97.0429444313 32.9265900261, -97.0492315292 32.9262478188, -97.0573425293 32.9238343191, -97.0585012436 32.9222492983, -97.0609903336 32.9193313451, -97.0637798309 32.9181785469, -97.0679855347 32.9181785469, -97.0684146881 32.9064335597, -97.0653676987 32.9034430227, -97.0654964447 32.8972454438, -97.0603895187 32.8919483321, -97.0604324341 32.8782536505, -97.0571279526 32.8703602281, -97.0531368256 32.8651336028, -97.0493602753 32.8621777197, -97.028503418 32.8617811913, -97.0253276825 32.8622498156, -97.0178604126 32.8683777513, -97.0121526718 32.8702520941, -97.0120668411 32.898470581, -97.0151996613 32.898470581, -97.022023201 32.8985786806, -97.0214867592 32.9204661161, -97.0244693756 32.9230418123, -97.0265936852 32.9245727849, -97.0300269127 32.9256534556, -97.0341038704 32.9260857201, -97.0368933678 32.9265720152, -97.0429444313 32.9265900261))"
Daily,2020-03-30,1,Daniel K. Inouye International,100,POINT (-157.918285205 21.3259652489),Urban Honolulu,Hawaii,US-HI,United States of America (the),"POLYGON ((-157.926621437 21.3389395548, -157.927393913 21.3349621629, -157.927640676 21.3346423679, -157.928853035 21.3340927186, -157.929121256 21.3335730483, -157.9291749 21.3325137147, -157.9297328 21.332463746, -157.930333614 21.3326736146, -157.930580378 21.3321339518, -157.930548191 21.3293256741, -157.930569649 21.3225795917, -157.922651768 21.3107457147, -157.90299654 21.3247583604, -157.901751995 21.3319540637, -157.914583683 21.3337929091, -157.91488409 21.3343525531, -157.914283276 21.336810964, -157.914862633 21.3370308199, -157.91544199 21.3338728583, -157.918553352 21.3344924637, -157.918252945 21.3373905833, -157.918252945 21.3376903855, -157.926621437 21.3389395548))"
Daily,2020-03-30,1,Denver International,55,POINT (-104.700315559 39.8643468206),Denver,Colorado,US-CO,United States of America (the),"POLYGON ((-104.661254883 39.8242265705, -104.661340714 39.9048641265, -104.709320068 39.9056542216, -104.732751846 39.8957773778, -104.733610153 39.8713425363, -104.754638672 39.8715401575, -104.747772217 39.8592865639, -104.745883942 39.8541473089, -104.746484756 39.8311477239, -104.694128036 39.829763549, -104.693956375 39.8242265705, -104.661254883 39.8242265705))"
Daily,2020-03-30,1,Detroit Metropolitan Wayne County,46,POINT (-83.353731472 42.2129725989),Romulus,Michigan,US-MI,United States of America (the),"POLYGON ((-83.3714675903 42.228390246, -83.388504982 42.2059512762, -83.3884620667 42.2018503764, -83.3880329132 42.1985122381, -83.3832263947 42.1944744447, -83.3773469925 42.1952693063, -83.368678093 42.1935523928, -83.3560180664 42.1914856756, -83.3514261246 42.1918990245, -83.3458042145 42.1940611128, -83.3406972885 42.19552366, -83.3263635635 42.1957462185, -83.328166008 42.2392572484, -83.3311700821 42.2391937041, -83.3403539658 42.2370967069, -83.3636569977 42.2313454932, -83.3655881882 42.2304239794, -83.3680772781 42.228771576, -83.3696651459 42.2282631354, -83.3714675903 42.228390246))"
Daily,2020-03-30,1,Edmonton International,34,POINT (-113.576260685 53.308783098),Leduc County,Alberta,CA-AB,Canada,"POLYGON ((-113.568120003 53.3110445426, -113.571274281 53.3110573629, -113.573355675 53.3111855659, -113.576016426 53.3118137553, -113.579256535 53.313082926, -113.582003117 53.3106214696, -113.581767082 53.3099035181, -113.584663868 53.3095317171, -113.584170341 53.3058904597, -113.568205833 53.3062110053, -113.568120003 53.3110445426))"
Daily,2020-03-30,1,Halifax International,56,POINT (-63.5116720135 44.8830168354),Halifax,Nova Scotia,CA-NS,Canada,"POLYGON ((-63.526661396 44.8984438169, -63.5262107849 44.8968630227, -63.5261034966 44.8957534008, -63.5263395309 44.8936557009, -63.5188508034 44.8888671863, -63.5200738907 44.8877574101, -63.5199666023 44.8872709261, -63.5191512108 44.8867388295, -63.5228204727 44.8831508499, -63.5230350494 44.8816304521, -63.5244941711 44.8808094206, -63.5259962082 44.8793649848, -63.5259532928 44.8789696592, -63.5262537003 44.87884802, -63.5261249542 44.8783158456, -63.5289144516 44.8771906605, -63.5317897797 44.8757157224, -63.5328412056 44.8742711587, -63.5347723961 44.8713819226, -63.5374546051 44.8687358634, -63.5335063934 44.86344338, -63.5317468643 44.8638388123, -63.5298156738 44.863473798, -63.5272407532 44.8632304538, -63.5254812241 44.8640213185, -63.5160827637 44.8735412601, -63.5135507584 44.8749098124, -63.5131645203 44.875791751, -63.5126495361 44.8762783321, -63.5119199753 44.8764303878, -63.5100746155 44.8763695656, -63.5077142715 44.8770386067, -63.5019636154 44.8772210712, -63.4944105148 44.8777076401, -63.4909772873 44.8784374859, -63.4876298904 44.8813567762, -63.4857416153 44.8821473919, -63.4880375862 44.8873773448, -63.4896039963 44.8897337089, -63.489689827 44.8909498591, -63.4900546074 44.8912538926, -63.4906983376 44.8916339322, -63.4921574593 44.8923484, -63.4938311577 44.8930476577, -63.495054245 44.8937773088, -63.4956979752 44.8951453797, -63.4968996048 44.8965590188, -63.5160398483 44.8969694237, -63.5230135918 44.89824622, -63.5255670547 44.8984894161, -63.526661396 44.8984438169))"
Daily,2020-03-30,1,Hamilton International,98,POINT (-79.9266930702 43.1720360845),Hamilton,Ontario,CA-ON,Canada,"POLYGON ((-79.9327468872 43.1551600162, -79.930075407 43.1572262381, -79.9287450314 43.1583062808, -79.9281549454 43.1593628258, -79.9145078659 43.1562009625, -79.9099159241 43.1645591963, -79.9088859558 43.1664685949, -79.9078559875 43.1696612264, -79.9032211304 43.1795510647, -79.9378967285 43.1878122333, -79.9412441254 43.1803960083, -79.9492263794 43.1775794843, -79.9465870857 43.1707253998, -79.9451708794 43.1710227391, -79.9484109879 43.163933151, -79.9284553528 43.1594802186, -79.9289703369 43.1584471545, -79.9295818806 43.1579149631, -79.9322104454 43.1560444303, -79.9336481094 43.1556061382, -79.9350428581 43.1556922315, -79.9327468872 43.1551600162))"
Daily,2020-03-30,1,Hartsfield-Jackson Atlanta International,64,POINT (-84.4279188823 33.6410758199),College Park,Georgia,US-GA,United States of America (the),"POLYGON ((-84.429974556 33.657852681, -84.431540966 33.6580134258, -84.4327533245 33.6577008662, -84.4349956512 33.6558254845, -84.438085556 33.6526640343, -84.439920187 33.6513690564, -84.4419693947 33.6503509223, -84.445091486 33.6488415608, -84.447183609 33.6474393493, -84.4487071037 33.6459477998, -84.4530951977 33.6414819284, -84.4557237625 33.6382931544, -84.4565606117 33.6362744297, -84.4565284252 33.6345415044, -84.4561100006 33.6327281484, -84.4554448128 33.6313971386, -84.4546186924 33.6309951517, -84.4520223141 33.6308209568, -84.4516628981 33.6305306312, -84.4516682625 33.6297891799, -84.4504880905 33.6297891799, -84.4463038445 33.6290209223, -84.4413256645 33.6286993241, -84.4402313232 33.6274307861, -84.4353175163 33.6249293889, -84.4311547279 33.6244827032, -84.4308114052 33.624982991, -84.4233226776 33.6250544605, -84.418258667 33.6279310569, -84.4147396088 33.6307539587, -84.4112849236 33.6330050673, -84.4100189209 33.6335410369, -84.4053196907 33.6338268859, -84.4034957886 33.6349345421, -84.4027018547 33.6362208346, -84.402551651 33.637650026, -84.4031095505 33.6402046465, -84.4029808044 33.6409013481, -84.4007062912 33.6406512507, -84.4005131721 33.6410263965, -84.4028949738 33.6412764927, -84.4006204605 33.6462961281, -84.4008564949 33.6472428592, -84.4021010399 33.647975229, -84.403924942 33.6481002671, -84.4046115875 33.6487790423, -84.4060063362 33.6509760938, -84.4142889977 33.6560487464, -84.4184947014 33.6579955653, -84.4230437279 33.6581384494, -84.426176548 33.6577990993, -84.429974556 33.657852681))"
Daily,2020-03-30,1,John F. Kennedy International,46,POINT (-73.7784465296 40.646026594),New York,New York,US-NY,United States of America (the),"POLYGON ((-73.7883961201 40.6226989509, -73.7849414349 40.6211109825, -73.7792873383 40.6281710449, -73.777667284 40.6283583259, -73.7764441967 40.6286270325, -73.7742877007 40.6278860511, -73.7733328342 40.6252477647, -73.770339489 40.6237982915, -73.7688374519 40.624783611, -73.7665522099 40.6284316096, -73.7653720379 40.6294575733, -73.7487316132 40.6358409934, -73.7480449677 40.6408561096, -73.7500888109 40.6419347988, -73.7500083447 40.6422848603, -73.7500941753 40.643017541, -73.750576973 40.6436810173, -73.7500941753 40.6441653914, -73.7533020973 40.645870849, -73.7534308434 40.6464081202, -73.7552118301 40.6474989302, -73.7553834915 40.6492246528, -73.7567567825 40.6499898174, -73.774394989 40.6596431621, -73.7791371346 40.6614987883, -73.7836003304 40.6628823357, -73.7856817245 40.6634357466, -73.7902522087 40.6641356421, -73.7962174416 40.6649331885, -73.8020968437 40.6651936097, -73.8024616241 40.6635659603, -73.8027620316 40.6627358438, -73.8038563728 40.6620033795, -73.8046073914 40.6617103916, -73.8057661057 40.6611569663, -73.8064742088 40.6600501021, -73.8074612617 40.6581293235, -73.8076543808 40.6572014699, -73.8077831268 40.6558015261, -73.8076972961 40.6547108519, -73.8066673279 40.6522852587, -73.8029766083 40.6473686851, -73.800444603 40.6454801036, -73.7970972061 40.6443729793, -73.7943613529 40.6444788082, -73.7946295738 40.6409863673, -73.7801885605 40.6345057366, -73.7792658806 40.634066073, -73.7883961201 40.6226989509))"
Daily,2020-03-30,1,LaGuardia,72,POINT (-73.8732455279 40.7738834967),New York,New York,US-NY,United States of America (the),"POLYGON ((-73.8876271248 40.767277586, -73.8868251443 40.7674949476, -73.8850897551 40.7678382555, -73.8827562332 40.7687605058, -73.8786309958 40.7710620129, -73.8773837686 40.7717607778, -73.8769572973 40.7719090613, -73.8758790493 40.7721650018, -73.8742563128 40.7722543776, -73.8717135787 40.7720187502, -73.8698145747 40.7715596805, -73.8675615191 40.7703733974, -73.8654774427 40.7689880193, -73.8634979725 40.7670541295, -73.859539032 40.7670866323, -73.8550651073 40.7721243764, -73.8725745678 40.7806064243, -73.884601593 40.7799483731, -73.8849878311 40.7792171975, -73.8842904568 40.7754718273, -73.8847517967 40.7752605854, -73.8842904568 40.774119055, -73.8893169165 40.7735340638, -73.8885551691 40.7690367721, -73.8881796598 40.7688620744, -73.8880723715 40.7685492425, -73.8876271248 40.767277586))"
Daily,2020-03-30,1,Los Angeles International,69,POINT (-118.404993181 33.9413693793),Los Angeles,California,US-CA,United States of America (the),"POLYGON ((-118.439612389 33.9517616367, -118.43665123 33.9472048907, -118.436479568 33.9440007827, -118.435664177 33.9420426573, -118.43609333 33.9408677604, -118.435621262 33.940333711, -118.434548378 33.940333711, -118.429269791 33.9306134268, -118.425278664 33.9312543588, -118.394937515 33.9308982861, -118.380346298 33.9307202491, -118.378157616 33.9301505284, -118.374284506 33.9296698236, -118.369842768 33.9296431177, -118.369896412 33.9456028518, -118.379895687 33.9457096553, -118.395924568 33.9457808576, -118.395967484 33.9546806738, -118.400816917 33.9552502303, -118.406481743 33.9547518686, -118.421373367 33.9531499717, -118.428218365 33.952704995, -118.432638645 33.9522066183, -118.43637228 33.9523134135, -118.437917233 33.9523490119, -118.439612389 33.9517616367))"
Daily,2020-03-30,1,McCarran International,38,POINT (-115.148880813 36.0828539763),Paradise,Nevada,US-NV,United States of America (the),"POLYGON ((-115.158487558 36.1007120736, -115.163519382 36.100608049, -115.163766146 36.0973745484, -115.16372323 36.0946697487, -115.16566515 36.0947564424, -115.166373253 36.0953459573, -115.168390274 36.0953112801, -115.168358088 36.0872570801, -115.172606707 36.0787945126, -115.172241926 36.0724730048, -115.169731379 36.0714583945, -115.155955553 36.0717705837, -115.154807568 36.0714844103, -115.148541927 36.0716318331, -115.147994757 36.0721261309, -115.146535635 36.072056756, -115.146353245 36.0716838646, -115.145698786 36.0717098803, -115.145097971 36.0721694903, -115.141385794 36.0721434747, -115.139776468 36.0718399589, -115.132180452 36.0719266778, -115.124069452 36.0717879275, -115.118865967 36.0717879275, -115.118898153 36.0788031838, -115.123382807 36.0789072372, -115.123425722 36.0830605928, -115.124176741 36.0843091579, -115.124337673 36.084820717, -115.124359131 36.0861993089, -115.126032829 36.0863206932, -115.127148628 36.0867715475, -115.129702091 36.0885575988, -115.130839348 36.0887656798, -115.145773888 36.08882637, -115.149507523 36.1007987607, -115.158487558 36.1007120736))"
Daily,2020-03-30,1,Miami International,62,POINT (-80.288714746 25.7957243108),Miami Springs,Florida,US-FL,United States of America (the),"POLYGON ((-80.3053593636 25.8070775439, -80.3053164482 25.8030400986, -80.305724144 25.8019969085, -80.3067111969 25.8008957535, -80.3068399429 25.7971865244, -80.3081274033 25.797244482, -80.3080844879 25.7893233478, -80.3132343292 25.7892267454, -80.3143501282 25.7901927665, -80.3177189827 25.788956258, -80.3191566467 25.787912944, -80.3197360039 25.7863093139, -80.3195858002 25.7849568378, -80.3181910515 25.7825030205, -80.3118181229 25.7825223421, -80.3069257736 25.7842419514, -80.3026556969 25.7847443045, -80.2905106544 25.785188692, -80.2812409401 25.7857683253, -80.2794384956 25.7857876464, -80.2743530273 25.784879553, -80.2730870247 25.7853432611, -80.2703404427 25.7885408656, -80.2646970749 25.7937573162, -80.2647185326 25.8026923696, -80.2646970749 25.8080047847, -80.2895879745 25.8073673074, -80.2983427048 25.8073286724, -80.3006601334 25.8070775439, -80.3053593636 25.8070775439))"
Daily,2020-03-30,1,Montreal Mirabel,43,POINT (-74.0483797793 45.6815027038),Mirabel,Quebec,CA-QC,Canada,"POLYGON ((-74.0895652771 45.685631473, -74.0925693512 45.6754222038, -74.0891361237 45.6729333184, -74.079887867 45.6751823161, -74.0439033508 45.6727234073, -74.0360498428 45.6733681316, -74.0291619301 45.6754521897, -74.004034996 45.6915822726, -74.0086698532 45.6961536155, -74.0120172501 45.6984916006, -74.0311360359 45.6855565219, -74.0350842476 45.6839375528, -74.0368008614 45.684582148, -74.0379166603 45.6837426738, -74.0377020836 45.6830530963, -74.0409421921 45.6822285903, -74.0486454964 45.6822885548, -74.0895652771 45.685631473))"
Daily,2020-03-30,1,Montreal Trudeau,69,POINT (-73.7424121585 45.467843694),Dorval,Quebec,CA-QC,Canada,"POLYGON ((-73.7517571449 45.4495491245, -73.7463283539 45.4501512553, -73.7434744835 45.4499706167, -73.7427663803 45.4494738577, -73.7421011925 45.4492631101, -73.7410497665 45.4493534305, -73.7377023697 45.4516866599, -73.7289047241 45.4579332181, -73.7211799622 45.4632309613, -73.7069320679 45.4736744854, -73.7077045441 45.4740356102, -73.7098073959 45.4755854108, -73.7096571922 45.4757358746, -73.7091422081 45.4763076334, -73.710258007 45.4771803068, -73.7118244171 45.4771351688, -73.7125968933 45.4774661796, -73.7104511261 45.4790760678, -73.719162941 45.4850337587, -73.7196564674 45.485289504, -73.7233901024 45.4823709292, -73.7300419807 45.4863726479, -73.7307929993 45.4876964622, -73.7327885628 45.4876362895, -73.7356209755 45.4885539162, -73.7366294861 45.4884335726, -73.7385392189 45.4870947323, -73.7411355972 45.4857859476, -73.7484312057 45.4800540148, -73.7638807297 45.4678359813, -73.7743520737 45.4661505275, -73.774394989 45.4675350111, -73.7752532959 45.4695514809, -73.7758111954 45.4695815769, -73.7805318832 45.4672189907, -73.7853384018 45.4649014532, -73.7822699547 45.4616356706, -73.7820124626 45.4603940215, -73.7806069851 45.4567215904, -73.7735795975 45.4599801324, -73.7729036808 45.4584750556, -73.7713479996 45.4574440548, -73.7700283527 45.4572559139, -73.7662518024 45.4579106414, -73.7645459175 45.4587083451, -73.7636554241 45.4558711778, -73.7600827217 45.4562098392, -73.7593102455 45.453613383, -73.7605333328 45.4524693991, -73.7597608566 45.4496695511, -73.7517571449 45.4495491245))"
Daily,2020-03-30,1,Newark Liberty International,67,POINT (-74.175124669 40.6915033838),Newark,New Jersey,US-NJ,United States of America (the),"POLYGON ((-74.1924333572 40.6810611095, -74.1918754578 40.6787666585, -74.1912746429 40.677350894, -74.1890215874 40.6748773023, -74.1871547699 40.6739008592, -74.1856098175 40.6729569507, -74.1784858704 40.6701902452, -74.171833992 40.677399714, -74.1650748253 40.6872443432, -74.1618776321 40.691800043, -74.1584658623 40.6967133416, -74.1531229019 40.7054652738, -74.1577577591 40.7078401351, -74.1699028015 40.7081491861, -74.1755032539 40.7080841229, -74.1779065132 40.7076286782, -74.1830992699 40.7043428784, -74.1838717461 40.7030740608, -74.1845798492 40.7003411407, -74.1855669022 40.6954769165, -74.1874337196 40.6928575717, -74.190223217 40.6914746462, -74.1912102699 40.6903357449, -74.1923475266 40.685666046, -74.1924333572 40.6810611095))"
Daily,2020-03-30,1,San Francisco International,50,POINT (-122.383935076 37.6211875472),South San Francisco,California,US-CA,United States of America (the),"POLYGON ((-122.387909889 37.639570278, -122.390913963 37.6389925598, -122.39389658 37.6389585762, -122.395312786 37.6389925598, -122.396364212 37.6388736172, -122.401320934 37.6387206908, -122.403595448 37.6366816421, -122.404410839 37.6360359316, -122.40209341 37.6247011006, -122.397930622 37.6136535003, -122.39546299 37.6115117755, -122.380871773 37.6024512573, -122.37739563 37.6047462397, -122.37831831 37.6057662091, -122.371838093 37.6147583342, -122.35840559 37.6090640145, -122.354671955 37.6149962962, -122.368619442 37.6208431252, -122.364649773 37.6271143579, -122.365143299 37.6282189918, -122.367331982 37.6291196811, -122.368533611 37.6273692749, -122.371923923 37.6286608408, -122.372610569 37.6278111289, -122.379541397 37.6305301727, -122.385678291 37.6287628056, -122.389411926 37.6303602354, -122.390828133 37.632977227, -122.385485172 37.6353222452, -122.385249138 37.6359679618, -122.387909889 37.639570278))"
Daily,2020-03-30,1,Seattle-Tacoma International,50,POINT (-122.308661576 47.4505828917),SeaTac,Washington,US-WA,United States of America (the),"POLYGON ((-122.297594547 47.4344741069, -122.297594547 47.4366512633, -122.296671867 47.4378559178, -122.296435833 47.4399893948, -122.296199799 47.4411359216, -122.296586037 47.4477388489, -122.296564579 47.4493495471, -122.298774719 47.4508005844, -122.300019264 47.4525417763, -122.299933434 47.4565462988, -122.299461365 47.457823039, -122.297401428 47.4596365371, -122.292723656 47.46269758, -122.300298214 47.4652942491, -122.304246426 47.4652507306, -122.306478024 47.4666868233, -122.307829857 47.4669044097, -122.318708897 47.4670929838, -122.319352627 47.466469236, -122.320532799 47.4621608223, -122.320876122 47.4575038568, -122.31978178 47.4561690742, -122.32006073 47.4538621417, -122.319760323 47.4525562859, -122.31978178 47.4474631388, -122.320039272 47.4374205037, -122.314524651 47.4345611949, -122.297594547 47.4344741069))"
Daily,2020-03-30,1,Toronto Pearson,58,POINT (-79.6313443995 43.679352363),Mississauga,Ontario,CA-ON,Canada,"POLYGON ((-79.6076846123 43.6972621366, -79.60927248 43.6967036336, -79.6113967896 43.6950591223, -79.6120834351 43.6941437616, -79.6125769615 43.6914286264, -79.6129417419 43.6896908753, -79.6155810356 43.6876427469, -79.6210098267 43.6892564297, -79.6238851547 43.6903425378, -79.6425962448 43.7039017183, -79.6745681763 43.6752205916, -79.6580886841 43.6630597515, -79.6485614777 43.6717518603, -79.6434545517 43.6747317221, -79.6299362183 43.6645809614, -79.628777504 43.6643326032, -79.6284341812 43.6632770696, -79.6268892288 43.6621904714, -79.6265459061 43.6605139671, -79.6240997314 43.6588063683, -79.6241426468 43.6570676723, -79.6231555939 43.6563225015, -79.6209669113 43.656819283, -79.6142292023 43.6608244344, -79.6034574509 43.6655743838, -79.6024274826 43.6671265734, -79.6005392075 43.6681199536, -79.5983505249 43.6681820394, -79.5968914032 43.668802893, -79.5954751968 43.6697962456, -79.594874382 43.6714104083, -79.5936727524 43.6720312286, -79.5918273926 43.6727141235, -79.5937585831 43.6801013079, -79.5949816704 43.6816841577, -79.5977711678 43.6830962727, -79.6015691757 43.6865721065, -79.6076846123 43.6972621366))"
Daily,2020-03-30,1,Vancouver International,89,POINT (-123.177541243 49.1935788601),Richmond,British Columbia,CA-BC,Canada,"POLYGON ((-123.136525154 49.1980971491, -123.137362003 49.1965267246, -123.138606548 49.1956854053, -123.148090839 49.1937923844, -123.150064945 49.1934698625, -123.150622845 49.1937362938, -123.150687218 49.1956854053, -123.149292469 49.1978587843, -123.148798943 49.2003124845, -123.149077892 49.2012658895, -123.150343895 49.2023174178, -123.155193329 49.2048269749, -123.160750866 49.2055559844, -123.169784546 49.2065653644, -123.172895908 49.2069158388, -123.192100525 49.2068036873, -123.201541901 49.2076518268, -123.203065395 49.2067476114, -123.204503059 49.2049601602, -123.208708763 49.2000180469, -123.209652901 49.1875098406, -123.208665848 49.1871452042, -123.200683594 49.1865000717, -123.19029808 49.1841999654, -123.187567592 49.1833864877, -123.186172843 49.1824362445, -123.181554079 49.1811739007, -123.181393147 49.1806654475, -123.1818223 49.1795292989, -123.179311752 49.1790804428, -123.178474903 49.1788139326, -123.175191879 49.178982255, -123.17407608 49.1788279595, -123.173518181 49.1780143934, -123.16817522 49.177425251, -123.156116009 49.1780705019, -123.152489662 49.1810020792, -123.150043488 49.1828254607, -123.150424361 49.1860793285, -123.150445819 49.1879165473, -123.150553107 49.1929965929, -123.142168522 49.1945706351, -123.139164448 49.1951735957, -123.137769699 49.1957064384, -123.136825562 49.196582812, -123.136181831 49.197998999, -123.136525154 49.1980971491))"